id,name,category,sub_category,originalPrice,discountedPrice,images,tags,description
1,Royal Banarasi Silk Saree,Saree,Banarasi,1899.99,172,https://example.com/saree1_1.jpg|https://example.com/saree1_2.jpg|https://example.com/saree1_3.jpg,Silk|Handwoven|Traditional|Partywear|Ethnic,Exquisite hand-woven silk featuring intricate gold zari work. Perfect for weddings and grand festive occasions. A masterpiece of traditional craftsmanship from Varanasi.
2,Heritage Kanchipuram Silk,Saree,Kanchipuram,1199.99,138,https://example.com/saree2_1.jpg|https://example.com/saree2_2.jpg|https://example.com/saree2_3.jpg,Kanchipuram|Bridal|PureSilk|SouthIndian|Temple,Authentic mulberry silk Saree with a contrasting temple border. Designed for bridal elegance and formal ceremonies. Handcrafted with precision in Tamil Nadu.
3,Classic Paithani Peacock,Saree,Paithani,2399.99,146,https://example.com/saree3_1.jpg|https://example.com/saree3_2.jpg|https://example.com/saree3_3.jpg,Paithani|Handloom|PeacockMotif|Festive|Maharashtra,Rich silk Saree featuring a signature peacock motif on the pallu. Ideal for cultural festivals and wedding receptions. Reflects the royal heritage of Maharashtra.
4,Elegant Chanderi Cotton Silk,Saree,Chanderi,2999.99,153,https://example.com/saree4_1.jpg|https://example.com/saree4_2.jpg|https://example.com/saree4_3.jpg,Chanderi|Lightweight|SummerWear|Formal|Sheer,A delicate blend of silk and cotton with a sheer texture and glossy finish. Suitable for formal office events or day weddings. Hand-spun beauty from Madhya Pradesh.
5,Vibrant Bandhani Tie-Dye,Saree,Bandhani,2299.99,141,https://example.com/saree5_1.jpg|https://example.com/saree5_2.jpg|https://example.com/saree5_3.jpg,Bandhani|TieDye|Gujarat|Colorful|Ethnic,Intricate hand-knotted tie-dye patterns on high-quality georgette fabric. A vibrant choice for Mehendi ceremonies and casual festivities. Traditional artistry from Gujarat.
6,Artistic Kalamkari Hand-Painted,Saree,Kalamkari,1299.99,158,https://example.com/saree6_1.jpg|https://example.com/saree6_2.jpg|https://example.com/saree6_3.jpg,Kalamkari|HandPainted|NaturalDye|Artistic|Cotton,Features stunning mythological storytelling through organic hand-painted dyes. Best suited for art events and casual gatherings. Crafted by skilled artisans in Andhra Pradesh.
7,Intricate Patola Silk,Saree,Patola,2699.99,190,https://example.com/saree7_1.jpg|https://example.com/saree7_2.jpg|https://example.com/saree7_3.jpg,Patola|DoubleIkat|Luxury|Heritage|Silk,A rare double-ikat silk Saree with symmetrical geometric patterns. Reserved for high-end weddings and heirloom collections. A symbol of Gujarati luxury and skill.
8,Pure Kasavu Gold Border,Saree,Kasavu,1199.99,148,https://example.com/saree8_1.jpg|https://example.com/saree8_2.jpg|https://example.com/saree8_3.jpg,Kasavu|Kerala|GoldZari|Minimalist|Festive,Traditional cream cotton Saree with a rich real-gold zari border. Perfect for Onam celebrations and minimalist wedding looks. Timeless elegance from the coast of Kerala.
9,Classic Bengal Tant Cotton,Saree,Tant,1499.99,191,https://example.com/saree9_1.jpg|https://example.com/saree9_2.jpg|https://example.com/saree9_3.jpg,Tant|Cotton|Summer|DailyWear|Bengal,Lightweight and breathable cotton weave with thick decorative borders. Ideal for hot climates and daily casual wear. A staple of Bengali craftsmanship.
10,Kota Doria Block Print_1,Saree,Kota Doria,2499.99,153,https://example.com/saree10_1.jpg|https://example.com/saree10_2.jpg|https://example.com/saree10_3.jpg,KotaDoria|Rajasthan|Airy|Casual|Print,Features a unique square-check weave known as Khats. This airy fabric is perfect for summer garden parties and formal luncheons. Hand-blocked in Rajasthan.
11,Sambalpuri Ikat Silk,Saree,Sambalpuri,1899.99,176,https://example.com/saree11_1.jpg|https://example.com/saree11_2.jpg|https://example.com/saree11_3.jpg,Sambalpuri|Ikat|Odisha|Handloom|Silk,Tie-dyed threads woven into traditional motifs like shells and wheels. Great for formal heritage events and cultural festivals. Expertly crafted in Odisha.
12,Golden Muga Silk,Saree,Muga Silk,2799.99,171,https://example.com/saree12_1.jpg|https://example.com/saree12_2.jpg|https://example.com/saree12_3.jpg,MugaSilk|Assam|GoldenSilk|Luxury|Durable,Natural golden-tinted silk known for its extreme durability and luster. A prestigious choice for weddings and family heirlooms. Authentic handloom from Assam.
13,Pochampally Ikat Weave,Saree,Pochampally,999.99,141,https://example.com/saree13_1.jpg|https://example.com/saree13_2.jpg|https://example.com/saree13_3.jpg,Pochampally|Ikat|Geometric|Modern|Telangana,Features bold geometric patterns in vibrant colors using the ikat technique. Suitable for cocktail parties and formal gatherings. Hailing from the Bhoodan region of Telangana.
14,Lustrous Mysore Silk_1,Saree,Mysore Silk,1199.99,168,https://example.com/saree14_1.jpg|https://example.com/saree14_2.jpg|https://example.com/saree14_3.jpg,MysoreSilk|SoftSilk|Minimal|Royal|Karnataka,"Soft, buttery silk with minimalist gold borders for a sophisticated look. Ideal for corporate events and intimate weddings. Produced with heritage techniques in Karnataka."
15,Bhagalpuri Tussar Silk,Saree,Bhagalpuri,2199.99,137,https://example.com/saree15_1.jpg|https://example.com/saree15_2.jpg|https://example.com/saree15_3.jpg,TussarSilk|Earthy|Bhagalpur|OfficeWear|Formal,Natural textured silk in earthy tones with subtle embroidery. A professional yet elegant choice for office wear and seminars. Known as 'Wild Silk' from Bihar.
16,Floral Jamdani Weave,Saree,Jamdani,1399.99,179,https://example.com/saree16_1.jpg|https://example.com/saree16_2.jpg|https://example.com/saree16_3.jpg,Jamdani|Muslin|Floral|Artisan|Handwoven,Fine muslin Saree with floral motifs woven directly into the fabric. Perfect for high-end parties and summer weddings. A legendary weave from the Bengal region.
17,Indigo Ajrakh Print,Saree,Ajrakh,2299.99,190,https://example.com/saree17_1.jpg|https://example.com/saree17_2.jpg|https://example.com/saree17_3.jpg,Ajrakh|Indigo|BlockPrint|Boho|Natural,Double-sided block printing using natural vegetable dyes like indigo and madder. Excellent for casual bohemian styling and daytime events. Traditional Kutch craftsmanship.
18,Gadwal Zari Silk,Saree,Gadwal,799.99,125,https://example.com/saree18_1.jpg|https://example.com/saree18_2.jpg|https://example.com/saree18_3.jpg,Gadwal|Zari|Festive|Traditional|SilkCotton,"A unique silk-cotton blend body with a pure silk zari border. Lightweight yet regal, making it perfect for long wedding ceremonies. Hand-woven in Telangana."
19,Narrative Baluchari Silk,Saree,Baluchari,1199.99,138,https://example.com/saree19_1.jpg|https://example.com/saree19_2.jpg|https://example.com/saree19_3.jpg,Baluchari|Storytelling|Silk|Royal|Bengal,Decorated with woven scenes from ancient epics on the pallu. A conversational piece for cultural events and grand receptions. Originates from Bishnupur.
20,Konrad Temple Saree,Saree,Konrad,1099.99,160,https://example.com/saree20_1.jpg|https://example.com/saree20_2.jpg|https://example.com/saree20_3.jpg,Konrad|Temple|Silk|Traditional|TamilNadu,"Also known as 'Mubbhagam', this Saree features wide borders and religious motifs. Traditionally worn for temple visits and weddings. High-quality South Indian silk."
21,Royal Banarasi Red Bridal,Saree,Banarasi,1799.99,150,https://example.com/saree21_1.jpg|https://example.com/saree21_2.jpg|https://example.com/saree21_3.jpg,Banarasi|Bridal|Wedding|RedSilk|Zari,A heavy crimson silk Saree with intricate floral 'Jal' work. Designed specifically for North Indian brides. Represents centuries of weaving excellence.
22,Kanchipuram Brocade Gold,Saree,Kanchipuram,1299.99,131,https://example.com/saree22_1.jpg|https://example.com/saree22_2.jpg|https://example.com/saree22_3.jpg,Kanchipuram|Brocade|Gold|Luxe|Wedding,Full gold brocade work on pure heavy silk. A premium statement piece for luxury weddings and gala events. Handcrafted in the temple town of Kanchipuram.
23,Paithani Munia Motif,Saree,Paithani,1799.99,166,https://example.com/saree23_1.jpg|https://example.com/saree23_2.jpg|https://example.com/saree23_3.jpg,Paithani|Munia|Festive|Handloom|Marathi,Traditional silk Saree featuring the 'Munia' (parrot) border pattern. Perfect for festive family gatherings and religious poojas. Hand-woven silk with metallic threads.
24,Midnight Chanderi Silk,Saree,Chanderi,1299.99,152,https://example.com/saree24_1.jpg|https://example.com/saree24_2.jpg|https://example.com/saree24_3.jpg,Chanderi|Evening|Elegant|Silk|Formal,Dark-toned silk-cotton blend with subtle gold 'butis' scattered across. Suitable for evening dinner parties and formal receptions. Known for its airy drape.
25,Bandhani Gaji Silk_1,Saree,Bandhani,999.99,158,https://example.com/saree25_1.jpg|https://example.com/saree25_2.jpg|https://example.com/saree25_3.jpg,GajiSilk|Bandhani|Traditional|Sangeet|Gujarat,Thick Gaji silk with intricate hand-tied bandhej patterns. A luxurious choice for Sangeet ceremonies and winter weddings. Traditional Kutch artistry.
26,Kalamkari Floral Crepe,Saree,Kalamkari,1899.99,152,https://example.com/saree26_1.jpg|https://example.com/saree26_2.jpg|https://example.com/saree26_3.jpg,Kalamkari|Crepe|Modern|Floral|Casual,Modern crepe Saree featuring traditional hand-printed floral vines. Great for brunches and semi-formal daytime events. Merges ancient art with contemporary fabric.
27,Patola Print Fusion,Saree,Patola,1999.99,166,https://example.com/saree27_1.jpg|https://example.com/saree27_2.jpg|https://example.com/saree27_3.jpg,Patola|Silk|Fusion|Partywear|Ethnic,A high-quality silk Saree inspired by the complex patterns of Patola weaving. Ideal for party wear and festive social gatherings. Affordable luxury with heritage vibes.
28,Kasavu Contemporary Gold,Saree,Kasavu,1099.99,166,https://example.com/saree28_1.jpg|https://example.com/saree28_2.jpg|https://example.com/saree28_3.jpg,Kasavu|Kerala|Contemporary|Cotton|Ethnic,Cotton Saree with a mix of traditional gold borders and modern motifs. Perfect for Vishu festivals and destination weddings. Breathable and elegant.
29,Hand-Woven Tant Jamdani,Saree,Tant,3199.99,193,https://example.com/saree29_1.jpg|https://example.com/saree29_2.jpg|https://example.com/saree29_3.jpg,Tant|Jamdani|Bengal|White|Traditional,A white and red cotton Tant Saree with subtle Jamdani work on the borders. Designed for Durga Puja and traditional rituals. Authentic Bengal handloom.
30,Kota Doria Zari Border_1,Saree,Kota Doria,1799.99,181,https://example.com/saree30_1.jpg|https://example.com/saree30_2.jpg|https://example.com/saree30_3.jpg,KotaDoria|Zari|Elegant|Summer|Rajasthan,Fine Kota Doria fabric with a narrow gold zari border. Perfect for summer weddings and elegant daytime functions. Exceptional craftsmanship from Rajasthan.
31,Emerald Anarkali Gown,Kurti,Anarkali,1599.99,196,https://example.com/kurti31_1.jpg|https://example.com/kurti31_2.jpg|https://example.com/kurti31_3.jpg,Anarkali|Fitted|Wedding|FloorLength|Silk,Floor-length flared kurti in raw silk with heavy embroidery. Designed for wedding receptions and grand parties. Provides a royal silhouette.
32,Classic Straight Cut Silk,Kurti,Straight Cut,1299.99,145,https://example.com/kurti32_1.jpg|https://example.com/kurti32_2.jpg|https://example.com/kurti32_3.jpg,StraightCut|Silk|OfficeWear|Formal|Chic,A sophisticated straight-line kurti with side slits and minimal thread work. Ideal for corporate office wear and formal lunches. Tailored for a crisp fit.
33,Cotton A-Line Daily,Kurti,A-Line,2299.99,184,https://example.com/kurti33_1.jpg|https://example.com/kurti33_2.jpg|https://example.com/kurti33_3.jpg,ALine|Cotton|Casual|Comfort|Print,A comfortable cotton kurti that flares from the waist. Best suited for daily casual wear and shopping trips. Features hand-blocked floral prints.
34,Angrakha Style Tunic,Kurti,Angrakha,1699.99,177,https://example.com/kurti34_1.jpg|https://example.com/kurti34_2.jpg|https://example.com/kurti34_3.jpg,Angrakha|TieUp|Ethnic|Festive|Tradition,Features a side-tie fastening with colorful tassels and gota-patti work. A festive choice for Diwali and family gatherings. Inspired by royal Rajasthani tunics.
35,Boho Kaftan Kurti,Kurti,Kaftan,2099.99,175,https://example.com/kurti35_1.jpg|https://example.com/kurti35_2.jpg|https://example.com/kurti35_3.jpg,Kaftan|Boho|Relaxed|Vacation|Georgette,Loose-fitting flowy kaftan with batwing sleeves and digital prints. Perfect for beach vacations or relaxed casual evenings. Crafted in breathable georgette.
36,Modern High-Low Tunic,Kurti,High-Low,1299.99,133,https://example.com/kurti36_1.jpg|https://example.com/kurti36_2.jpg|https://example.com/kurti36_3.jpg,HighLow|Asymmetric|Modern|CollegeWear|Trendy,Features a short front hem and a longer back hem. A trendy choice for college or casual outings with friends. Made from soft rayon fabric.
37,Denim Shirt Style Kurti,Kurti,Shirt Style,1899.99,133,https://example.com/kurti37_1.jpg|https://example.com/kurti37_2.jpg|https://example.com/kurti37_3.jpg,ShirtStyle|Denim|Casual|Fusion|Smart,A button-down kurti with a shirt collar and pockets. Great for smart-casual office days and outdoor events. Combines western style with ethnic length.
38,Festive Dhoti Style,Kurti,Dhoti Style,1099.99,143,https://example.com/kurti38_1.jpg|https://example.com/kurti38_2.jpg|https://example.com/kurti38_3.jpg,DhotiStyle|Draped|Fusion|Partywear|Trendy,A uniquely draped kurti that mimics the dhoti silhouette at the bottom. A hit for wedding sangeets and cocktail parties. Made from fluid crepe fabric.
39,C-Cut Embroidered Kurti,Kurti,C-Cut,1299.99,130,https://example.com/kurti39_1.jpg|https://example.com/kurti39_2.jpg|https://example.com/kurti39_3.jpg,CCut|Chiffon|Partywear|Elegant|Embroidery,Features a stylish 'C' shaped front hemline with delicate thread embroidery. Perfect for semi-formal dinners and festive celebrations. Lightweight chiffon construction.
40,Heavy Flared Kurti,Kurti,Flared,1299.99,183,https://example.com/kurti40_1.jpg|https://example.com/kurti40_2.jpg|https://example.com/kurti40_3.jpg,Flared|Volume|Festive|CottonSilk|Twirl,A voluminous flared kurti that provides a gown-like appearance. Ideal for festive twirling and wedding functions. Crafted from high-quality cotton silk.
41,Front Slit Designer Kurti,Kurti,Front Slit,1299.99,195,https://example.com/kurti41_1.jpg|https://example.com/kurti41_2.jpg|https://example.com/kurti41_3.jpg,FrontSlit|Modern|Partywear|Silk|Chic,"Features a high center slit for a bold, contemporary look. Perfect for evening parties when paired with cigarette pants. Crafted from premium art silk."
42,Boho Tunic Kurti,Kurti,Tunic,1899.99,157,https://example.com/kurti42_1.jpg|https://example.com/kurti42_2.jpg|https://example.com/kurti42_3.jpg,Tunic|ShortKurti|Casual|Cotton|Embroidery,"A short, breezy tunic with delicate mirror work. Ideal for casual summer outings or college wear. Soft breathable cotton fabric ensures all-day comfort."
43,Floor Length Festive Gown,Kurti,Floor Length,1799.99,132,https://example.com/kurti43_1.jpg|https://example.com/kurti43_2.jpg|https://example.com/kurti43_3.jpg,FloorLength|Gown|Wedding|Luxury|Georgette,A majestic floor-sweeping kurti with heavy sequins work. Designed for receptions and high-profile wedding events. Elegant georgette drape with a satin lining.
44,Peplum Style Ethnic Top,Kurti,Peplum,1799.99,147,https://example.com/kurti44_1.jpg|https://example.com/kurti44_2.jpg|https://example.com/kurti44_3.jpg,Peplum|Fusion|Short|Festive|Trendy,Short flared peplum kurti with traditional ikat prints. Best paired with dhotis or shararas for a festive fusion look. Handcrafted with fine cotton-silk blend.
45,Trail Cut Party Kurti,Kurti,Trail Cut,2699.99,136,https://example.com/kurti45_1.jpg|https://example.com/kurti45_2.jpg|https://example.com/kurti45_3.jpg,TrailCut|Partywear|Elegant|Flowy|Georgette,Features an elongated back trail for a dramatic red-carpet effect. Perfect for cocktail parties and modern celebrations. Lightweight georgette with stone embellishments.
46,Asymmetric Hem Kurti,Kurti,Asymmetric,1499.99,141,https://example.com/kurti46_1.jpg|https://example.com/kurti46_2.jpg|https://example.com/kurti46_3.jpg,Asymmetric|Modern|Casual|Rayon|Unique,"Edgy asymmetric hemline that offers a creative silhouette. Suitable for casual Fridays and creative office environments. Made from smooth, high-quality rayon."
47,Tiered Layered Kurti,Kurti,Tiered,1199.99,173,https://example.com/kurti47_1.jpg|https://example.com/kurti47_2.jpg|https://example.com/kurti47_3.jpg,Tiered|Layered|Festive|Volume|Chiffon,Beautifully layered tiers create a playful and voluminous look. Ideal for Mehendi ceremonies and festive brunches. Flowy chiffon with subtle gold foil prints.
48,Indigo Denim Kurti,Kurti,Denim Kurti,1499.99,136,https://example.com/kurti48_1.jpg|https://example.com/kurti48_2.jpg|https://example.com/kurti48_3.jpg,Denim|Casual|Rugged|DailyWear|Fusion,Soft-washed denim kurti with ethnic embroidery on the yoke. A durable and stylish choice for daily travel and casual meetups. Features a comfortable straight fit.
49,Sheer Overlay Kurti,Kurti,Overlay,1799.99,132,https://example.com/kurti49_1.jpg|https://example.com/kurti49_2.jpg|https://example.com/kurti49_3.jpg,Overlay|Sheer|Elegant|Wedding|Silk,A two-piece set featuring a solid inner and a sheer embroidered outer jacket. Designed for luxury weddings and grand events. Exquisite craftsmanship in organza silk.
50,Cold Shoulder Trendy Kurti,Kurti,Cold Shoulder,899.99,137,https://example.com/kurti50_1.jpg|https://example.com/kurti50_2.jpg|https://example.com/kurti50_3.jpg,ColdShoulder|Trendy|Partywear|Modern|Crepe,Modern shoulder cut-outs with intricate beadwork on the neckline. Great for birthday parties and evening social gatherings. High-quality crepe fabric.
51,Sambalpuri Handloom Cotton,Saree,Sambalpuri,1999.99,180,https://example.com/saree51_1.jpg|https://example.com/saree51_2.jpg|https://example.com/saree51_3.jpg,Sambalpuri|Ikat|Handloom|DailyWear|Odisha,Authentic hand-woven ikat patterns in vibrant earthy tones. Perfect for formal office wear and cultural seminars. Durable and soft Odisha cotton.
52,Assam Muga Silk Heritage,Saree,Muga Silk,1199.99,149,https://example.com/saree52_1.jpg|https://example.com/saree52_2.jpg|https://example.com/saree52_3.jpg,MugaSilk|Assam|Luxury|Golden|Wedding,The rarest natural golden silk known for its longevity and sheen. A prestigious bridal choice or family heirloom. Hand-spun and woven in the heart of Assam.
53,Pochampally Silk Ikat_1,Saree,Pochampally,1299.99,182,https://example.com/saree53_1.jpg|https://example.com/saree53_2.jpg|https://example.com/saree53_3.jpg,Pochampally|Ikat|Geometric|Partywear|Silk,Features signature 'Chakra' and geometric ikat designs. Ideal for formal receptions and festive occasions. Vibrant colors woven into pure mulberry silk.
54,Mysore Crepe Silk Saree,Saree,Mysore Silk,1999.99,165,https://example.com/saree54_1.jpg|https://example.com/saree54_2.jpg|https://example.com/saree54_3.jpg,MysoreSilk|Soft|GoldZari|Traditional|Karnataka,Lightweight crepe silk with a high-quality solid gold zari border. Perfect for weddings and religious ceremonies. Known for its graceful drape and luster.
55,Bhagalpuri Tussar Print_1,Saree,Bhagalpuri,999.99,128,https://example.com/saree55_1.jpg|https://example.com/saree55_2.jpg|https://example.com/saree55_3.jpg,Bhagalpuri|Tussar|Casual|Earthy|Natural,Matte-finish silk with traditional block prints in natural dyes. A sophisticated choice for professional settings and daytime functions. Organic Tussar silk.
56,Hand-Woven Dhakai Jamdani,Saree,Jamdani,1099.99,143,https://example.com/saree56_1.jpg|https://example.com/saree56_2.jpg|https://example.com/saree56_3.jpg,Jamdani|Bengal|FineMuslin|Traditional|Festive,Extremely fine muslin weave with floral motifs appearing to float on the fabric. Best for high-end traditional gatherings. Iconic Bengali craftsmanship.
57,Ajrakh Block Print Silk,Saree,Ajrakh,999.99,150,https://example.com/saree57_1.jpg|https://example.com/saree57_2.jpg|https://example.com/saree57_3.jpg,Ajrakh|NaturalDye|Silk|Boho|Heritage,Complex 16-step block printing process using geometric designs. Perfect for art connoisseurs and cultural events. Rich modal silk fabric.
58,Gadwal Cotton Silk Mix,Saree,Gadwal,1399.99,141,https://example.com/saree58_1.jpg|https://example.com/saree58_2.jpg|https://example.com/saree58_3.jpg,Gadwal|Zari|Elegant|Festive|SouthIndian,Features a cotton body for comfort and a silk zari border for elegance. Suitable for long festive days and religious rituals. Traditional Telangana weave.
59,Baluchari Mythological Saree,Saree,Baluchari,799.99,125,https://example.com/saree59_1.jpg|https://example.com/saree59_2.jpg|https://example.com/saree59_3.jpg,Baluchari|Silk|Bengal|Heirloom|Traditional,Intricate weaving on the pallu depicting scenes from the Ramayana. A grand choice for weddings and prestigious ceremonies. Rich silk from West Bengal.
60,Konrad Silk Wedding Saree,Saree,Konrad,1399.99,190,https://example.com/saree60_1.jpg|https://example.com/saree60_2.jpg|https://example.com/saree60_3.jpg,Konrad|TempleSaree|Wedding|Silk|TamilNadu,Heavily weighted silk with wide borders featuring animal and nature motifs. Traditionally worn for South Indian weddings. Exquisite and durable.
61,Banarasi Tanchoi Silk,Saree,Banarasi,1799.99,144,https://example.com/saree61_1.jpg|https://example.com/saree61_2.jpg|https://example.com/saree61_3.jpg,Banarasi|Tanchoi|Silk|Soft|Wedding,A unique Banarasi weave that uses silk extra weft for a satin-like finish. Perfect for cocktail weddings and receptions. Features intricate floral patterns.
62,Kanchipuram Pattu Saree,Saree,Kanchipuram,2299.99,187,https://example.com/saree62_1.jpg|https://example.com/saree62_2.jpg|https://example.com/saree62_3.jpg,Kanchipuram|Pattu|GoldZari|Bridal|Traditional,Lustrous heavy silk with broad zari borders in traditional South Indian motifs. The ultimate choice for a classic bridal trousseau. Hand-woven in Tamil Nadu.
63,Paithani Traditional Border,Saree,Paithani,1099.99,169,https://example.com/saree63_1.jpg|https://example.com/saree63_2.jpg|https://example.com/saree63_3.jpg,Paithani|Silk|Festive|Traditional|Maharashtra,Hand-woven silk featuring a rich 'Narali' (coconut) border. Ideal for Ganesh Chaturthi and wedding rituals. Vibrant colors with fine metallic work.
64,Chanderi Floral Pota,Saree,Chanderi,999.99,140,https://example.com/saree64_1.jpg|https://example.com/saree64_2.jpg|https://example.com/saree64_3.jpg,Chanderi|Floral|Summer|DayWedding|Sheer,Features hand-woven floral 'buttas' on a sheer silk-cotton base. Elegant choice for summer garden parties and formal lunches. Lightweight and sophisticated.
65,Bandhani Georgette Party,Saree,Bandhani,2199.99,179,https://example.com/saree65_1.jpg|https://example.com/saree65_2.jpg|https://example.com/saree65_3.jpg,Bandhani|Georgette|Partywear|Colorful|TieDye,Fine georgette fabric with traditional Rajasthani bandhej dots. Suitable for festive parties and sangeet functions. Vibrant and easy to drape.
66,Kalamkari Cotton Heritage,Saree,Kalamkari,1399.99,168,https://example.com/saree66_1.jpg|https://example.com/saree66_2.jpg|https://example.com/saree66_3.jpg,Kalamkari|Cotton|NaturalDye|Artistic|Casual,Hand-printed with intricate pen-art motifs using organic vegetable dyes. Perfect for casual day outings and art festivals. Breathable and culturally rich.
67,Patola Silk Ikat Fusion,Saree,Patola,1199.99,169,https://example.com/saree67_1.jpg|https://example.com/saree67_2.jpg|https://example.com/saree67_3.jpg,Patola|Ikat|Silk|Heritage|Wedding,Double-ikat silk featuring traditional parrot and elephant motifs. A high-status garment for grand weddings and social elite events. Masterpiece from Gujarat.
68,Traditional Kerala Kasavu,Saree,Kasavu,2399.99,173,https://example.com/saree68_1.jpg|https://example.com/saree68_2.jpg|https://example.com/saree68_3.jpg,Kasavu|Kerala|Cotton|Minimal|Festive,"The quintessential white cotton Saree with a broad pure gold border. Best for Onam, Vishu, and temple visits. Symbolizes purity and elegance."
69,Bengal Tant Handloom,Saree,Tant,2999.99,153,https://example.com/saree69_1.jpg|https://example.com/saree69_2.jpg|https://example.com/saree69_3.jpg,Tant|Cotton|DailyWear|Bengal|Summer,Classic starched cotton Saree with ornate borders. Ideal for the hot humid climate and daily wear. A traditional staple from the weavers of Bengal.
70,Kota Doria Hand-Blocked,Saree,Kota Doria,1499.99,187,https://example.com/saree70_1.jpg|https://example.com/saree70_2.jpg|https://example.com/saree70_3.jpg,KotaDoria|BlockPrint|Summer|Casual|Rajasthan,Feather-light fabric with delicate hand-block printed floral patterns. Perfect for high-tea parties and casual summer events. Handcrafted in Rajasthan.
71,Anarkali Silk Embellished,Kurti,Anarkali,899.99,130,https://example.com/kurti71_1.jpg|https://example.com/kurti71_2.jpg|https://example.com/kurti71_3.jpg,Anarkali|Silk|Partywear|Royal|Embroidery,Heavy flared silk kurti with zardosi work on the neckline. A stunning choice for grand weddings and festive evenings. Provides a regal silhouette.
72,Straight Cut Chikankari,Kurti,Straight Cut,1299.99,146,https://example.com/kurti72_1.jpg|https://example.com/kurti72_2.jpg|https://example.com/kurti72_3.jpg,StraightCut|Chikankari|Handicraft|Elegant|Summer,Features intricate hand-embroidered shadow work from Lucknow. Perfect for formal office wear or elegant day events. Pure georgette fabric.
73,A-Line Printed Rayon,Kurti,A-Line,3499.99,177,https://example.com/kurti73_1.jpg|https://example.com/kurti73_2.jpg|https://example.com/kurti73_3.jpg,ALine|Rayon|Casual|DailyWear|Comfort,Easy-to-wear A-line kurti with vibrant digital prints. Ideal for daily errands and casual social gatherings. Soft and durable rayon material.
74,Angrakha Wrap Kurti,Kurti,Angrakha,1299.99,184,https://example.com/kurti74_1.jpg|https://example.com/kurti74_2.jpg|https://example.com/kurti74_3.jpg,Angrakha|Traditional|Festive|Wrap Style|Cotton,Features a traditional wrap-around style with drawstring closure and bells. Best for Navratri and ethnic festivals. Beautifully printed cotton silk.
75,Kaftan Silk Digital Print,Kurti,Kaftan,1299.99,186,https://example.com/kurti75_1.jpg|https://example.com/kurti75_2.jpg|https://example.com/kurti75_3.jpg,Kaftan|Silk|Modern|ResortWear|Luxe,Loose-fit luxurious silk kaftan with modern abstract prints. Perfect for resort wear and evening cocktail parties. Effortlessly chic and comfortable.
76,High-Low Chiffon Kurti,Kurti,High-Low,3899.99,198,https://example.com/kurti76_1.jpg|https://example.com/kurti76_2.jpg|https://example.com/kurti76_3.jpg,HighLow|Chiffon|Modern|Partywear|Trendy,Playful asymmetric hemline in a flowy chiffon fabric. A great pick for parties and semi-formal dinners. Features a light inner lining for comfort.
77,Office Shirt Style Kurti,Kurti,Shirt Style,1999.99,184,https://example.com/kurti77_1.jpg|https://example.com/kurti77_2.jpg|https://example.com/kurti77_3.jpg,ShirtStyle|Formal|OfficeWear|Cotton|Chic,A crisp cotton kurti with a collar and full-length sleeves. Designed for a professional and polished office look. Easy to pair with trousers or leggings.
78,Draped Dhoti Kurti,Kurti,Dhoti Style,1399.99,176,https://example.com/kurti78_1.jpg|https://example.com/kurti78_2.jpg|https://example.com/kurti78_3.jpg,DhotiStyle|Fusion|Partywear|Unique|Silk,Experimental draped silhouette that combines a kurti with a dhoti bottom. Perfect for sangeet functions and modern weddings. Premium art silk finish.
79,C-Cut Pastel Kurti,Kurti,C-Cut,1999.99,163,https://example.com/kurti79_1.jpg|https://example.com/kurti79_2.jpg|https://example.com/kurti79_3.jpg,CCut|Pastel|DayWear|CottonSilk|Elegant,Soft pastel-toned kurti with a curved 'C' hemline. Ideal for daytime celebrations and family brunches. Subtle silver thread work.
80,Flared Georgette Kurti,Kurti,Flared,2399.99,195,https://example.com/kurti80_1.jpg|https://example.com/kurti80_2.jpg|https://example.com/kurti80_3.jpg,Flared|Georgette|Wedding|Festive|Flowy,Full flared kurti that offers a beautiful twirl. Best suited for festive dances and wedding celebrations. Breathable georgette with gold border details.
81,Designer Front Slit Silk,Kurti,Front Slit,1099.99,165,https://example.com/kurti81_1.jpg|https://example.com/kurti81_2.jpg|https://example.com/kurti81_3.jpg,FrontSlit|Silk|Modern|Partywear|Bold,A high-glam silk kurti featuring a daring front slit and intricate hand-embroidery. Best paired with silk culottes for evening receptions. Luxury fabric with a rich sheen.
82,Embroidered Cotton Tunic,Kurti,Tunic,2699.99,195,https://example.com/kurti82_1.jpg|https://example.com/kurti82_2.jpg|https://example.com/kurti82_3.jpg,Tunic|Casual|Cotton|Embroidery|Daywear,"Short ethnic tunic with delicate floral embroidery on the yoke. Ideal for casual outings or semi-formal brunches. Soft, breathable cotton for ultimate comfort."
83,Velvet Floor Length Gown,Kurti,Floor Length,2099.99,193,https://example.com/kurti83_1.jpg|https://example.com/kurti83_2.jpg|https://example.com/kurti83_3.jpg,FloorLength|Velvet|Wedding|Winter|Luxury,"Royal floor-length gown in plush velvet with heavy zardosi work. A stunning choice for winter weddings and formal galas. Offers a heavy, regal drape."
84,Printed Peplum Kurti,Kurti,Peplum,1399.99,175,https://example.com/kurti84_1.jpg|https://example.com/kurti84_2.jpg|https://example.com/kurti84_3.jpg,Peplum|Fusion|Trendy|Cotton|Funky,Short flared peplum style with vibrant Kalamkari prints. Perfect for festive fusion looks when paired with dhoti pants. Handcrafted using eco-friendly dyes.
85,Georgette Trail Cut Kurti,Kurti,Trail Cut,2099.99,173,https://example.com/kurti85_1.jpg|https://example.com/kurti85_2.jpg|https://example.com/kurti85_3.jpg,TrailCut|Georgette|Elegant|Evening|Flowy,Features a graceful long trail at the back for a high-fashion look. Ideal for cocktail parties and evening socials. Flowy georgette with subtle stone work.
86,Rayon Asymmetric Kurti,Kurti,Asymmetric,2199.99,198,https://example.com/kurti86_1.jpg|https://example.com/kurti86_2.jpg|https://example.com/kurti86_3.jpg,Asymmetric|Rayon|Modern|Casual|Unique,Edgy uneven hemline that adds a modern twist to traditional wear. Great for creative workspaces or weekend outings. Soft rayon fabric with digital prints.
87,Multi-Tiered Festive Kurti,Kurti,Tiered,999.99,137,https://example.com/kurti87_1.jpg|https://example.com/kurti87_2.jpg|https://example.com/kurti87_3.jpg,Tiered|Festive|Volume|Chiffon|Wedding,"Features three tiers of flared chiffon for a playful, voluminous effect. Perfect for sangeet ceremonies or mehendi functions. Accented with silver gota-patti work."
88,Rugged Denim Long Kurti,Kurti,Denim Kurti,1399.99,143,https://example.com/kurti88_1.jpg|https://example.com/kurti88_2.jpg|https://example.com/kurti88_3.jpg,Denim|Casual|Fusion|Durable|Daily,Long denim kurti with a side slit and contrast thread stitching. A durable choice for travel or everyday street style. Pairs perfectly with white leggings.
89,Net Overlay Kurti Set,Kurti,Overlay,1299.99,166,https://example.com/kurti89_1.jpg|https://example.com/kurti89_2.jpg|https://example.com/kurti89_3.jpg,Overlay|Net|Wedding|Delicate|Luxe,Exquisite net overlay with heavy floral embroidery over a solid silk inner. Designed for engagement parties and grand festivities. Fine craftsmanship with a sheer finish.
90,Cold Shoulder Silk Kurti,Kurti,Cold Shoulder,2199.99,132,https://example.com/kurti90_1.jpg|https://example.com/kurti90_2.jpg|https://example.com/kurti90_3.jpg,ColdShoulder|Silk|Trendy|Partywear|Modern,Modern shoulder cut-outs paired with a traditional straight-cut silk body. A trendy pick for wedding guests and family dinners. Features a high-shine finish.
91,Sambalpuri Silk Ikat,Saree,Sambalpuri,1499.99,142,https://example.com/saree91_1.jpg|https://example.com/saree91_2.jpg|https://example.com/saree91_3.jpg,Sambalpuri|Silk|Ikat|Odisha|Heirloom,Pure silk Saree featuring complex double-ikat weaving with traditional shell motifs. Reserved for prestigious occasions and cultural ceremonies. Iconic Odisha handloom.
92,Golden Muga Silk Saree,Saree,Muga Silk,2599.99,187,https://example.com/saree92_1.jpg|https://example.com/saree92_2.jpg|https://example.com/saree92_3.jpg,MugaSilk|Assam|Luxury|Golden|Wedding,Natural golden-hued silk that becomes more lustrous with every wash. An heirloom-quality piece for weddings and grand heritage events. Hand-woven in Assam.
93,Pochampally Silk Ikat_2,Saree,Pochampally,1299.99,173,https://example.com/saree93_1.jpg|https://example.com/saree93_2.jpg|https://example.com/saree93_3.jpg,Pochampally|Ikat|Geometric|Silk|Traditional,Features bold geometric patterns using the warp-and-weft tie-dye technique. Perfect for corporate festive events and religious rituals. Authentic Telangana silk.
94,Lustrous Mysore Silk_2,Saree,Mysore Silk,2199.99,154,https://example.com/saree94_1.jpg|https://example.com/saree94_2.jpg|https://example.com/saree94_3.jpg,MysoreSilk|Royal|GoldZari|Traditional|Karnataka,"Soft, high-grade mulberry silk with a solid pure gold zari border. A royal choice for South Indian weddings and formal functions. Timeless elegance from Karnataka."
95,Bhagalpuri Tussar Saree,Saree,Bhagalpuri,3099.99,157,https://example.com/saree95_1.jpg|https://example.com/saree95_2.jpg|https://example.com/saree95_3.jpg,Bhagalpuri|Tussar|OfficeWear|Earthy|Natural,Richly textured wild silk in a sophisticated beige tone with copper borders. Ideal for academic seminars and professional formal wear. Traditional Bihar craftsmanship.
96,Fine Jamdani Muslin,Saree,Jamdani,1599.99,163,https://example.com/saree96_1.jpg|https://example.com/saree96_2.jpg|https://example.com/saree96_3.jpg,Jamdani|Muslin|Bengal|Handwoven|Artistic,Features intricate floral motifs woven by hand into sheer muslin fabric. A masterpiece of Bengal weaving for high-end summer parties. Lightweight and breathable.
97,Ajrakh Hand-Blocked Silk,Saree,Ajrakh,2099.99,175,https://example.com/saree97_1.jpg|https://example.com/saree97_2.jpg|https://example.com/saree97_3.jpg,Ajrakh|Indigo|Silk|Boho|Natural,Artisanal block-printed Saree using natural indigo and madder dyes. Perfect for cultural events and bohemian evening looks. Crafted on smooth modal silk.
98,Gadwal Silk Cotton Mix,Saree,Gadwal,1199.99,129,https://example.com/saree98_1.jpg|https://example.com/saree98_2.jpg|https://example.com/saree98_3.jpg,Gadwal|Festive|Traditional|Lightweight|Silk,Features a light cotton body for comfort and a heavy silk zari pallu for grandeur. Best suited for day weddings and religious poojas. Hand-woven in Telangana.
99,Baluchari Narrative Silk,Saree,Baluchari,1299.99,139,https://example.com/saree99_1.jpg|https://example.com/saree99_2.jpg|https://example.com/saree99_3.jpg,Baluchari|Bengal|Storytelling|Silk|Heirloom,A storytelling Saree featuring woven scenes of courtly life on the pallu. A prestigious choice for weddings and social receptions. Masterpiece from West Bengal.
100,Konrad Temple Border,Saree,Konrad,1799.99,148,https://example.com/saree100_1.jpg|https://example.com/saree100_2.jpg|https://example.com/saree100_3.jpg,Konrad|Temple|Silk|Traditional|TamilNadu,"Also known as 'Mubbhagam', this Saree has wide temple-inspired borders. Traditionally worn for weddings and temple festivals. High-quality heavy silk."
101,Banarasi Meenakari Silk,Saree,Banarasi,2699.99,167,https://example.com/saree101_1.jpg|https://example.com/saree101_2.jpg|https://example.com/saree101_3.jpg,Banarasi|Meenakari|Wedding|Bridal|Silk,Luxury silk Saree featuring colorful Meenakari threadwork within gold zari motifs. A spectacular bridal option for North Indian weddings. Hand-woven in Varanasi.
102,Kanchipuram Half-Fine Zari,Saree,Kanchipuram,2299.99,191,https://example.com/saree102_1.jpg|https://example.com/saree102_2.jpg|https://example.com/saree102_3.jpg,Kanchipuram|Silk|GoldZari|SouthIndian|Traditional,Pure mulberry silk with a traditional half-fine gold zari border. Ideal for family weddings and festive gatherings. Durable and graceful South Indian drape.
103,Paithani Double Pallu,Saree,Paithani,1399.99,134,https://example.com/saree103_1.jpg|https://example.com/saree103_2.jpg|https://example.com/saree103_3.jpg,Paithani|Silk|Wedding|Traditional|Maharashtra,Heavy silk Saree with an elaborate double-woven pallu featuring parrots and flowers. A royal choice for Marathi weddings. Hand-woven silk with real gold zari.
104,Chanderi Silk Butti,Saree,Chanderi,1799.99,168,https://example.com/saree104_1.jpg|https://example.com/saree104_2.jpg|https://example.com/saree104_3.jpg,Chanderi|Silk|Summer|Formal|Sheer,Sheer silk-cotton fabric adorned with small hand-woven gold 'buttiss'. Elegant choice for formal daytime events and office parties. Airy and sophisticated.
105,Bandhani Satin Silk,Saree,Bandhani,2399.99,172,https://example.com/saree105_1.jpg|https://example.com/saree105_2.jpg|https://example.com/saree105_3.jpg,Bandhani|Satin|TieDye|Festive|Gujarat,Glossy satin silk with intricate tie-dye patterns in vibrant red and yellow. Perfect for Navratri celebrations and wedding sangeets. Traditional Gujarati artistry.
106,Kalamkari Crepe Saree,Saree,Kalamkari,2099.99,148,https://example.com/saree106_1.jpg|https://example.com/saree106_2.jpg|https://example.com/saree106_3.jpg,Kalamkari|Crepe|Modern|Floral|Artistic,"Features detailed hand-painted floral vines on a modern, easy-to-drape crepe base. Great for social brunches and evening dinners. Melds traditional art with modern fabric."
107,Patola Print Georgette,Saree,Patola,2899.99,147,https://example.com/saree107_1.jpg|https://example.com/saree107_2.jpg|https://example.com/saree107_3.jpg,Patola|Georgette|Casual|Print|Colorful,Lightweight georgette Saree with high-definition Patola-inspired geometric prints. Suitable for casual festive wear and family get-togethers. Effortless and stylish.
108,Kasavu Cotton Gold,Saree,Kasavu,1699.99,175,https://example.com/saree108_1.jpg|https://example.com/saree108_2.jpg|https://example.com/saree108_3.jpg,Kasavu|Kerala|Minimal|Cotton|Traditional,The classic cream cotton Saree from Kerala with a sleek gold border. Ideal for Onam festivities and minimalist daytime weddings. Breathable and elegant.
109,Tant Cotton Traditional,Saree,Tant,1799.99,184,https://example.com/saree109_1.jpg|https://example.com/saree109_2.jpg|https://example.com/saree109_3.jpg,Tant|Cotton|DailyWear|Summer|Bengal,Traditional starched cotton Saree with colorful woven borders. Perfect for the hot climate and daily casual wear. A staple of rural Bengal craftsmanship.
110,Kota Doria Zari Border_2,Saree,Kota Doria,1099.99,148,https://example.com/saree110_1.jpg|https://example.com/saree110_2.jpg|https://example.com/saree110_3.jpg,KotaDoria|Zari|Summer|Elegant|Rajasthan,Sheer hand-woven fabric with a signature square-weave pattern and gold zari border. Perfect for summer garden weddings and formal lunches. Light as air.
111,Anarkali Georgette Flare,Kurti,Anarkali,1699.99,156,https://example.com/kurti111_1.jpg|https://example.com/kurti111_2.jpg|https://example.com/kurti111_3.jpg,Anarkali|Georgette|Flowy|Festive|Elegant,"Stunning flared kurti with a wide hemline and stone-encrusted yoke. A festive favorite for Diwali and wedding receptions. Provides a graceful, twirling silhouette."
112,Straight Cut Rayon Kurti,Kurti,Straight Cut,2699.99,166,https://example.com/kurti112_1.jpg|https://example.com/kurti112_2.jpg|https://example.com/kurti112_3.jpg,StraightCut|Rayon|Casual|DailyWear|Comfort,"Simple and chic straight-cut kurti with side slits and digital floral prints. Best for daily wear and shopping trips. Made from soft, durable rayon."
113,A-Line Silk Kurti,Kurti,A-Line,2099.99,197,https://example.com/kurti113_1.jpg|https://example.com/kurti113_2.jpg|https://example.com/kurti113_3.jpg,ALine|Silk|Formal|OfficeWear|Elegant,A sophisticated A-line silhouette in raw silk with minimal gold piping. Perfect for office parties and semi-formal events. Tailored for a flattering fit.
114,Traditional Angrakha Kurti,Kurti,Angrakha,1699.99,143,https://example.com/kurti114_1.jpg|https://example.com/kurti114_2.jpg|https://example.com/kurti114_3.jpg,Angrakha|CottonSilk|Festive|Tradition|Wrap,Features a side-tie wrap design with colorful handmade tassels. A festive choice for Navratri or cultural festivals. Inspired by traditional royal Rajasthani attire.
115,Silk Kaftan Tunic,Kurti,Kaftan,1299.99,125,https://example.com/kurti115_1.jpg|https://example.com/kurti115_2.jpg|https://example.com/kurti115_3.jpg,Kaftan|Silk|ResortWear|Modern|Luxe,Loose-fit kaftan in art silk with abstract modern prints. Perfect for vacation evenings or luxury resort wear. Effortlessly combines comfort with high-fashion.
116,High-Low Crepe Kurti,Kurti,High-Low,1499.99,138,https://example.com/kurti116_1.jpg|https://example.com/kurti116_2.jpg|https://example.com/kurti116_3.jpg,HighLow|Crepe|Modern|Partywear|Trendy,"Playful high-low hemline that adds movement and a modern edge to the outfit. Ideal for birthday parties and evening dinners. Soft, high-quality crepe fabric."
117,Denim Shirt Kurti,Kurti,Shirt Style,799.99,125,https://example.com/kurti117_1.jpg|https://example.com/kurti117_2.jpg|https://example.com/kurti117_3.jpg,ShirtStyle|Denim|Casual|Smart|Fusion,A classic button-down shirt style kurti with a collar and roll-up sleeves. Designed for a smart-casual office look. Versatile and easy to style with jeans.
118,Modern Dhoti Kurti,Kurti,Dhoti Style,1599.99,132,https://example.com/kurti118_1.jpg|https://example.com/kurti118_2.jpg|https://example.com/kurti118_3.jpg,DhotiStyle|Fusion|Partywear|Unique|Silk,"Features a draped dhoti-style hemline for a fashion-forward ethnic look. A hit for wedding sangeets and cocktail events. Made from fluid, shimmering art silk."
119,Embroidered C-Cut Kurti,Kurti,C-Cut,1499.99,180,https://example.com/kurti119_1.jpg|https://example.com/kurti119_2.jpg|https://example.com/kurti119_3.jpg,CCut|Embroidery|Festive|Chiffon|Elegant,Stylish C-shaped front hemline with delicate silver thread work. Perfect for festive gatherings and family dinners. Lightweight chiffon with a soft inner lining.
120,Silk Flared Gown Kurti,Kurti,Flared,1499.99,141,https://example.com/kurti120_1.jpg|https://example.com/kurti120_2.jpg|https://example.com/kurti120_3.jpg,Flared|Silk|Wedding|Royal|Volume,A voluminous flared kurti that mimics a traditional lehenga-style gown. Ideal for grand weddings and evening celebrations. Crafted from heavy mulberry silk.
121,Front Slit Georgette,Kurti,Front Slit,1099.99,172,https://example.com/kurti121_1.jpg|https://example.com/kurti121_2.jpg|https://example.com/kurti121_3.jpg,FrontSlit|Georgette|Evening|Modern|Chic,Elegant georgette kurti with a high center slit and mirror work accents. Perfect for festive parties when paired with contrasting leggings. Offers a flowy and slim silhouette.
122,Cotton Ethnic Tunic,Kurti,Tunic,1799.99,165,https://example.com/kurti122_1.jpg|https://example.com/kurti122_2.jpg|https://example.com/kurti122_3.jpg,Tunic|Cotton|Casual|Summer|Print,Comfortable short tunic featuring hand-blocked Jaipur prints. Ideal for casual summer days or college wear. Breathable pure cotton fabric.
123,Silk Floor Length Gown,Kurti,Floor Length,1399.99,194,https://example.com/kurti123_1.jpg|https://example.com/kurti123_2.jpg|https://example.com/kurti123_3.jpg,FloorLength|Silk|Bridal|Luxury|Gown,Heavily embroidered silk gown that sweeps the floor with elegance. Designed for wedding receptions and grand galas. Features a rich satin lining and padded bust.
124,Gota Patti Peplum,Kurti,Peplum,1599.99,184,https://example.com/kurti124_1.jpg|https://example.com/kurti124_2.jpg|https://example.com/kurti124_3.jpg,Peplum|Festive|GotaPatti|Short|Trendy,Traditional Rajasthani gota patti work on a modern peplum silhouette. A great choice for sangeet ceremonies and festive fusion styling. Handcrafted on silk-blend fabric.
125,Chiffon Trail Cut,Kurti,Trail Cut,1299.99,194,https://example.com/kurti125_1.jpg|https://example.com/kurti125_2.jpg|https://example.com/kurti125_3.jpg,TrailCut|Chiffon|Partywear|Flowy|Elegant,Features a high-low trail that adds a dramatic touch to your movement. Perfect for evening cocktails and semi-formal parties. Lightweight chiffon with gold piping.
126,Asymmetric Rayon Print,Kurti,Asymmetric,1699.99,188,https://example.com/kurti126_1.jpg|https://example.com/kurti126_2.jpg|https://example.com/kurti126_3.jpg,Asymmetric|Rayon|Modern|Casual|Daily,A trendy uneven hemline kurti with abstract geometric prints. Suitable for casual Fridays at the office or weekend lunches. Soft and breathable rayon.
127,Tiered Cotton Kurti,Kurti,Tiered,1199.99,168,https://example.com/kurti127_1.jpg|https://example.com/kurti127_2.jpg|https://example.com/kurti127_3.jpg,Tiered|Cotton|Boho|Casual|Volume,Multiple layers of gathered cotton create a playful and airy volume. Ideal for summer vacations and casual daytime events. Accented with tiny tassel details.
128,Embroidery Denim Kurti,Kurti,Denim Kurti,899.99,148,https://example.com/kurti128_1.jpg|https://example.com/kurti128_2.jpg|https://example.com/kurti128_3.jpg,Denim|Casual|Handwork|Durable|Fusion,Durable indigo denim with white floral embroidery on the sleeves. A stylish fusion piece for everyday wear and outdoor travel. Features a relaxed straight fit.
129,Organza Overlay Kurti,Kurti,Overlay,1099.99,155,https://example.com/kurti129_1.jpg|https://example.com/kurti129_2.jpg|https://example.com/kurti129_3.jpg,Overlay|Organza|Luxe|Wedding|Sheer,Features a sheer organza jacket over a solid inner silk slip. A premium choice for engagement parties and high-end festive events. Exquisite floral embroidery.
130,Velvet Cold Shoulder,Kurti,Cold Shoulder,1699.99,178,https://example.com/kurti130_1.jpg|https://example.com/kurti130_2.jpg|https://example.com/kurti130_3.jpg,ColdShoulder|Velvet|Winter|Party|Modern,Plush velvet kurti with modern shoulder cut-outs and sequin work. Ideal for winter evening parties and weddings. Offers a warm and luxurious feel.
131,Sambalpuri Cotton Ikat,Saree,Sambalpuri,899.99,136,https://example.com/saree131_1.jpg|https://example.com/saree131_2.jpg|https://example.com/saree131_3.jpg,Sambalpuri|Cotton|Handloom|Daily|Odisha,Traditional hand-woven cotton Saree with iconic ikat patterns from Odisha. Perfect for academic professional wear and daytime rituals. Highly durable and comfortable.
132,Pure Muga Silk Assam,Saree,Muga Silk,1499.99,174,https://example.com/saree132_1.jpg|https://example.com/saree132_2.jpg|https://example.com/saree132_3.jpg,MugaSilk|Assam|Premium|Heritage|Wedding,Rare natural golden silk with heavy thread work on the pallu. A prestigious heirloom piece for family weddings. Authentic craftsmanship from Assamese weavers.
133,Pochampally Geometric Silk,Saree,Pochampally,1499.99,137,https://example.com/saree133_1.jpg|https://example.com/saree133_2.jpg|https://example.com/saree133_3.jpg,Pochampally|Silk|Ikat|Traditional|Modern,Features vibrant geometric ikat weaves in contrasting colors. Suitable for formal festive occasions and high-end corporate events. Hand-woven in Telangana.
134,Mysore Silk Tradition,Saree,Mysore Silk,1099.99,140,https://example.com/saree134_1.jpg|https://example.com/saree134_2.jpg|https://example.com/saree134_3.jpg,MysoreSilk|Soft|GoldZari|Wedding|Royal,Soft mulberry silk with a solid pure gold zari border. The classic choice for traditional South Indian wedding ceremonies. Known for its graceful drape and shine.
135,Bhagalpuri Tussar Print_2,Saree,Bhagalpuri,2199.99,137,https://example.com/saree135_1.jpg|https://example.com/saree135_2.jpg|https://example.com/saree135_3.jpg,Bhagalpuri|Tussar|Earthy|Formal|Office,Naturally textured silk with contemporary block prints. A sophisticated look for professional seminars and daytime formal events. Earthy tones with a matte finish.
136,Dhakai Jamdani Muslin,Saree,Jamdani,1199.99,180,https://example.com/saree136_1.jpg|https://example.com/saree136_2.jpg|https://example.com/saree136_3.jpg,Jamdani|Muslin|Bengal|Wedding|FineWeave,Exquisitely fine muslin Saree with floral motifs woven directly into the fabric. Best for summer weddings and prestigious social gatherings. Legendary Bengal artistry.
137,Ajrakh Modal Silk,Saree,Ajrakh,999.99,151,https://example.com/saree137_1.jpg|https://example.com/saree137_2.jpg|https://example.com/saree137_3.jpg,Ajrakh|ModalSilk|NaturalDye|Boho|Heritage,Sustainable modal silk featuring 16-step block printing with natural dyes. Perfect for art-focused events and cultural parties. Unique geometric motifs.
138,Gadwal Zari Silk Mix,Saree,Gadwal,1899.99,192,https://example.com/saree138_1.jpg|https://example.com/saree138_2.jpg|https://example.com/saree138_3.jpg,Gadwal|Festive|SouthIndian|Traditional|Zari,A silk-cotton body paired with a pure silk zari pallu. Ideal for long religious ceremonies and traditional family functions. Hand-woven in Telangana.
139,Baluchari Bishnupur Silk,Saree,Baluchari,2699.99,139,https://example.com/saree139_1.jpg|https://example.com/saree139_2.jpg|https://example.com/saree139_3.jpg,Baluchari|Bengal|Storytelling|Royal|Heirloom,Features elaborate woven depictions of ancient mythological scenes. A conversational piece for cultural receptions and weddings. Premium silk from West Bengal.
140,Konrad Temple Wedding,Saree,Konrad,2699.99,189,https://example.com/saree140_1.jpg|https://example.com/saree140_2.jpg|https://example.com/saree140_3.jpg,Konrad|TempleSaree|Wedding|Silk|TamilNadu,"Thick, durable silk with wide borders containing animal and nature motifs. Traditionally preferred for South Indian bridal wear. High craftsmanship from Tamil Nadu."
141,Banarasi Katan Silk,Saree,Banarasi,1199.99,146,https://example.com/saree141_1.jpg|https://example.com/saree141_2.jpg|https://example.com/saree141_3.jpg,Banarasi|Katan|Bridal|Wedding|Silk,Pure Katan silk with heavy gold floral vines across the body. The ultimate bridal choice for a traditional North Indian wedding. Hand-woven in Varanasi.
142,Kanchipuram Heavy Pattu,Saree,Kanchipuram,1299.99,160,https://example.com/saree142_1.jpg|https://example.com/saree142_2.jpg|https://example.com/saree142_3.jpg,Kanchipuram|Pattu|Bridal|GoldZari|Wedding,Durable mulberry silk with a heavy gold zari border in temple patterns. Reserved for grand bridal trousseaus and high-profile weddings. Iconic South Indian luxury.
143,Paithani Peacock Pallu,Saree,Paithani,3099.99,159,https://example.com/saree143_1.jpg|https://example.com/saree143_2.jpg|https://example.com/saree143_3.jpg,Paithani|Peacock|Traditional|Maharashtra|Festive,Vibrant silk Saree featuring the signature peacock-filled pallu. Perfect for cultural festivals and Marathi wedding rituals. Hand-woven with fine metallic threads.
144,Chanderi Zari Butti,Saree,Chanderi,1299.99,162,https://example.com/saree144_1.jpg|https://example.com/saree144_2.jpg|https://example.com/saree144_3.jpg,Chanderi|Summer|Zari|Elegant|Sheer,Lightweight silk-cotton blend with delicate hand-woven gold dots. Ideal for summer daytime weddings and formal luncheons. Features a sophisticated sheer texture.
145,Bandhani Gaji Silk_2,Saree,Bandhani,3399.99,170,https://example.com/saree145_1.jpg|https://example.com/saree145_2.jpg|https://example.com/saree145_3.jpg,Bandhani|GajiSilk|TieDye|Gujarat|Luxe,Thick Gaji silk with intricate hand-tied bandhej patterns. A luxurious choice for winter weddings and traditional Gujarati celebrations. Vibrant and durable.
146,Kalamkari Pen Art Saree,Saree,Kalamkari,2299.99,162,https://example.com/saree146_1.jpg|https://example.com/saree146_2.jpg|https://example.com/saree146_3.jpg,Kalamkari|HandPainted|NaturalDye|Artistic|Cotton,Features stunning hand-painted storytelling motifs using organic dyes. A unique artistic choice for exhibitions and cultural events. Crafted in Andhra Pradesh.
147,Patola Double Ikat,Saree,Patola,2899.99,175,https://example.com/saree147_1.jpg|https://example.com/saree147_2.jpg|https://example.com/saree147_3.jpg,Patola|DoubleIkat|Luxury|Gujarat|Heirloom,A rare double-ikat silk Saree with perfectly symmetrical geometric patterns. Reserved for the most prestigious weddings and social events. Masterpiece of Gujarati weaving.
148,Kerala Kasavu Minimal,Saree,Kasavu,2399.99,192,https://example.com/saree148_1.jpg|https://example.com/saree148_2.jpg|https://example.com/saree148_3.jpg,Kasavu|Kerala|Cotton|Minimal|Traditional,"Pure cream cotton Saree with a thin, elegant gold border. Perfect for Vishu festivities and minimalist temple visits. Symbols of simplicity and purity."
149,West Bengal Tant Cotton,Saree,Tant,1899.99,171,https://example.com/saree149_1.jpg|https://example.com/saree149_2.jpg|https://example.com/saree149_3.jpg,Tant|Cotton|Summer|Daily|Bengal,Lightweight starched cotton with broad decorative borders. Ideal for the hot Indian summer and daily casual wear. Traditional handloom from Bengal.
150,Kota Doria Block Print_2,Saree,Kota Doria,1399.99,156,https://example.com/saree150_1.jpg|https://example.com/saree150_2.jpg|https://example.com/saree150_3.jpg,KotaDoria|BlockPrint|Summer|Casual|Rajasthan,Feather-light fabric with tiny square checks and floral block prints. Best suited for summer high-tea and casual daytime gatherings. Handcrafted in Rajasthan.
151,Anarkali Raw Silk Gown,Kurti,Anarkali,999.99,130,https://example.com/kurti151_1.jpg|https://example.com/kurti151_2.jpg|https://example.com/kurti151_3.jpg,Anarkali|Silk|Festive|Royal|Gown,Floor-length flared kurti in raw silk with heavy gold embroidery on the bust. Ideal for wedding receptions and grand Diwali parties. Offers a royal silhouette.
152,Straight Cut Silk Kurti,Kurti,Straight Cut,1399.99,163,https://example.com/kurti152_1.jpg|https://example.com/kurti152_2.jpg|https://example.com/kurti152_3.jpg,StraightCut|Silk|Formal|Office|Elegant,Sophisticated straight-line kurti with side slits and minimal thread work. Perfect for professional office wear and formal business lunches. Tailored fit.
153,A-Line Floral Rayon,Kurti,A-Line,2399.99,149,https://example.com/kurti153_1.jpg|https://example.com/kurti153_2.jpg|https://example.com/kurti153_3.jpg,ALine|Rayon|Casual|Comfort|Daily,Breathable A-line kurti with vibrant floral digital prints. A comfortable choice for daily errands and casual outings. Soft rayon fabric for all-day wear.
154,Angrakha Cotton Festive,Kurti,Angrakha,1199.99,184,https://example.com/kurti154_1.jpg|https://example.com/kurti154_2.jpg|https://example.com/kurti154_3.jpg,Angrakha|Cotton|Festive|Tradition|Wrap,Side-tie wrap design with handmade tassels and gota-patti borders. A traditional favorite for Navratri and ethnic festivals. Inspired by Rajasthani royalty.
155,Silk Kaftan Resort Kurti,Kurti,Kaftan,2899.99,177,https://example.com/kurti155_1.jpg|https://example.com/kurti155_2.jpg|https://example.com/kurti155_3.jpg,Kaftan|Silk|Resort|Modern|Luxe,Loose-fit silk kaftan with abstract modern art prints. Perfect for luxury vacations and evening resort wear. Combines high-fashion with maximum comfort.
156,High-Low Chiffon Party,Kurti,High-Low,1399.99,172,https://example.com/kurti156_1.jpg|https://example.com/kurti156_2.jpg|https://example.com/kurti156_3.jpg,HighLow|Chiffon|Partywear|Modern|Trendy,Stylish asymmetric hemline in a flowy chiffon fabric. A great choice for birthday parties and semi-formal dinners. Features a soft inner lining.